admin@theofficesa.com:Laks@link7
cagatay@miyapim.com:cagatay77mi
adelinofcosta@portugalmail.pt:01011957
l.sleegers1@upcmail.nl:Lucien
mglamb@cebridge.net:marigold
mccarrick0018@faithmail.org:Meli-1986
mesmer_0009@anoa.com:ShockAndAwe!
contact@entreprise-rosset.fr:contact
isere49@wanadoo.fr:Djessie1995
alain.bernial@wanadoo.fr:Canard67
admin@mdvetgroup.com:Horsevet1
robyn@robyngreen.com:89pr3lud3!
suresh@advancedhairstudioindia.com:suresh&*6414$$
webmaster@fioreta.com.br:fioreta1010
sales@commercialpropshafts.co.za:Moveprops9421
r.mancini@italianfoodacademy.com:XXcTG2Iu2
luana2@goviaggi.com:155895dz
fisnik.lulaj@medica-ks.com:NoarLulaj9
alain.dana@intermedic.org:yn9bycetkh
enquiries@kittywoof.com:Jamie1982
sarah@rudds.net:Psalm112
hatemamd@link.net:target123
lisarhuda@flsmithinc.com:624South!
jacortes_ka@virtualworkforcepro.com:[[vwp2point01234]]
ahudson4842@gamecubepro.com:dkq2C6CrYa3UvtpG
contact@lerevenupierre.com:connard44!!
carlalopessdspt@swissdentalservices.com:sds2019CLSDS
avinash@indianpublicschool.com:School@2020
sportgirljo@suddenlink.net:nannyjojo1
smarlow4299@sewnimble.com:M0nkey.!
dso62279@triwest.net:budlight12w
paullo.veras@pwrmission.com.br:leidinha
maiara@transtelles.com.br:651321
suporte@flashcompanysolucoes.com.br:Flash192!
d.man5@chello.nl:Laura2006.
ohkawa@pipi.cc:ohkawa1895318
karensmail@usamedia.tv:legacy65
nyitraig@gylcomp.hu:Fir3man5!
dgove@midtownhomehealth.com:Aug14Jun19
thiago@myplace.com.br:Myplacethi2021@#
changyu.huo@chuanghe.net:123719
aga29101@wp.pl:Agnieszka29
daniel@poppymidia.com.br:Riopreto@4050
lizhi.wang@csst.com:Wang411218
testadmin@websoptimization.com:Testadmin
compras@amepsaude.com.br:q1w2e3
xfallerofondtrillions@lycos.com:abc123
asistencia_remota@fortec.com.do:Asist$pwd!!#.
day-vest@lycos.com:dayvest1133
foltest122@t.pl:pawel122
rastreador@logpc.com.br:Rastrepar@Logpc
shashika.negombo@acche.net:ACCHEnegomboshashikaemail
s237733@studenti.polito.it:andromeda97
anomalia@psilog.net:anomalia
account281@debbymirkus.cloud:zBpLO3dq
dennisf@mwt.net:evinrudeaa112a=
richard@richardbarker.co.uk:wingspan
outhernwhiterhinocerou@corexmail.com:2YqWv6PTzersZ5V3
admin-gamma@naturerb.it:Drr90lls!
guillermo@paricio.com:Mudejar01@
borgiotti.ga@vgm.it:gab1165
zhougerun@beijing101.com:101Dj101
danny@detailfirst.com:danny2021
walkers@arvig.net:Gaited1961*
gsp96@suddenlinkmail.com:Lowgap1996*
mohammedtaufiqtaqi@alhudasmart.org:Alhuda12345
haley@haleybeck.com:Bronsond8$
contato@rodolfosantoscoach.com.br:Mamae1010@
flint@0.pl:dave566pl
contact@brushnmouse.com:Contact@786
dawid@globtroter.pl:26DiwaD26
mmackay@manx.net:Andreas29?
gmranch@npgcable.com:Benjamin1
commandes@sabluxgroup.com:sablux
thevass@z-net.hu:triplehorn11*
adiantoni@unar.ac.id:aufaroyhan
525105@1bake.top:3hj5y3kd52
s.prioteasa@italrominginerie.com:Spri11716
jonah@themorrows.ca:May212002
arthurclaudiocosta75002@trocarseguidores.com:Insta00
562634@1head.top:6t1g65mkf3
nurliana@yit.gov.my:liana4148
16268@ldsubmissions.com:Chiro55!
shingim@mweb.co.za:abcdef
albertosantarosa@portugalmail.com:Santarosa1976
admin@armadillographix.com:pantxoa
milagros@iberpark.com.uy:Mili2503
david.moore@kinect.co.nz:Ntpol0473
wleeland@nelson-tel.net:rotate6932213*
826984@77awake.top:c016l70yvf
b.babour@uossm.org:$ifr@{ey
contact@marionhenry.com:Brigit74
social@jasonhernandezphotography.com:T0pram3n!
lomar-rb@worldonline.co.za:gabby19
elearning@nileshroy.com:hselin@9820094678
gsternbach@lcrconsulting.com:yarons00
crismafer@montevideo.com.uy:mama1099
skajla@2.pl:799127272
csikizoli@pr.hu:gaM73oli2994223
hello@creativeimmortal.com:Ludacris121
deagatusmund@redmonkey.host:Deagatusmund
joseluis@grupodedialogo.org.pe:comunica
ussing@borderteam.dk:Stormylp3
ossainududi@zilladog.net:seemoney4u
pierre@cpe-cosmetique.com:Roumanie03!
drodriguez@eatel.net:Vanbeber!3955
danam@classicnet.net:layla
enterate@sitiosdemos.com:$987654321
b.gola@getmail.no:Zwierzatko1
jeromeo@accessus.net:twins
ruwan@trendsetters.lk:ruwan1974
applemaps@rosepith.net:87750Col**
contact@ericetvalerie.fr:erwann
cliff@thegospelblog.com:l@kers32
heja98@1337.no:123spill
c.familiari@ecogen.it:Idem9idem#
josemar.guimaraes@hotwave.com.br:isabelle18
contact@petals.org.in:bluebellsd84
sasha@tharia.ca:ablemax12
guido_to@virgilio.it:firefox52
roslan@akipraktis.com.my:@User1234
ewilhite@lugeomedia.com:kodak111
marcos@goldlab.com.br:a1b2d3!@#
ekkapon@piesoft.net:6wdbGf98qq
h.fontaine@csav-ski-compet.net:3jb22b33
reception@pmgguestlodge.co.za:DepotSeventh892
ricardo.ferreira@ajs.adv.br:123qwe#!
sophie@evanrees.com:hollybush2013
benter@uiplay.com:berghaan123
ivanete@indnet.com.br:123456789mudar
baptiste@masterdj.fr:pseudo
polo.ibitinga@gurionline.com.br:pi2018#@2018
sarab@factorysw.it:Pulc7310ne@@17
a.bhat@controlaconsulting.com:Anantram@123
eugene@chez-pabon.com:eugene
barci.eng@poste.it:300857
david@jossel.co.za:Hannah22
1765144@aruba.it:z3ejes98
sharond@rushmore.com:deichert2
regis@universalmidia.com.br:seja9800
skeert@gadgetorium.com:skeert3535
tolev@mail.bg:747131Aa@
mattheo.criquioche@stjosup.com:cm22102002
giuseppe.deluca@aoec.it:jose1974
477709@1help.top:83d94wp4ui
jkspain@maqs.net:kokot577*!
konyveles@garabonciassajt.hu:Alfoldi2002
hendrien.elbe@physiofit.co.za:DifficultOnto528
angela.tam.h.t@chowsangsang.com:angela0114
806467@1kick.vip:6vz9z95ej4
luisleao@clix.pt:4qex9sge
giancarmine.corigliano@tecnologicasrl.com:Gi@nky1973
peter@atum.nl:Akwabba2020
rjcc22@ctvea.net:racing99!
kimberly@bekool.com:dish2929
moseminole76@stjoelive.com:Butane4$
defendoor@polka.co.za:5joshua
cc3605015@jlchacha.com:chacha123
dance@barakadance.com:havoc01
sales@sovatravel.com:ramsaha
nitro1985@interfree.it:Alex1985
mamad@kordmail.ir:f4230744
lucas@caffaronet.com.ar:10731073
lfortin@beeline-online.net:lawrence
havlikova_jana@inmail.cz:688091
erikmy@start.no:Myllamand
chirag@brandplus.co.in:brandplus@1
servizioaziende@deltasavona.it:37S422z7@!09+37h
bebita@shotsports.com:Blb@7182003
postmaster@viatekgroup.com:Phari1ce
koruka426@mbp.nifty.com:tsu37ka
michele@archaeo.com.br:951753
xsajxajk31ksa@ddgitalgame.pl:Milosz2400
vanessa@cendecon.com:BG9!57keg
nrussell@sunrisewealthadvisors.com:deadgoat1!
liuda@marsatas.lt:19557993
songritti@contec.co.th:engineer_43123
wendy@tasteitparties.com:Poodle2002Poodle2002
whchiao@csie.nctu.edu.tw:plumeletdplumeletd11
cherie@cheertrust.org:Hyperion_9847
904652@77arrow.top:o9r150bwb5
admin@shopgoldenage.com:F1atscreen
postmaster@multipliweb.com:Marseille1984
dlimaveiga@picture.com.br:arquivos1&
mkubeka@twssapower.co.za:TablesHarley601t
nasiruyakubu@nwu.edu.ng:nasiruyakubu
manassero@tscto.it:Alessandro70
owais.ansari@growthfactorcrm.com:owais@growthfactorcrm
ariane@contarium.com.br:RiCa2002
axlegolas@axlutions-network.de:fepapre41
a2020146568@esac.pt:Pedro2001
n.moss@elonmead.com:Password13$
hollaz@inmail.sk:Adriana123
jayrobarge@vfemail.net:K5yJZeDWj8
leonard@bitboxart.com:Splat5833!
leanne@picturesquep.co.za:morgan190807
t.sztavinovszki@hostprofis.at:geheimes2021$
jason@bestguard.com:Korea903!
sales@mpsgroupsrl.com:MPSGROUPSRL2020
kbraxton@calvaryharlingen.org:Peekaboo1!
gaetano.cosentino@techwin.it:!Gr1sk1n0
gillian.mackay@khalsaschoolcalgary.ca:janeausten22
sirikarn@phokwit.ac.th:sirikarn
admin@marlothparkproperty.co.za:UpdatedGarcia726
postmaster@axea-media.com:lilou246
anting@syc.com.tw:anting007
airfuel@rodsperformance.com:Alng@5859
dpaulson@epix.net:pecc244
t.gidon@sfr.fr:Gidont68##
contato@trianglestudio.com.br:AmizadeRespeito
vmjcanniff@hawaiiantel.net:meg81297
arminul@pta-medan.go.id:6fykeUCn
contacto@artep.es:Estocolm01
cmiranda@asesoriayprevision.cl:Cris2613
eletrica@filtrabem.com:filbem01
mitchellmotors@mitchellmotors16.com:Mitchellmotors16!
rui.mdc.marques@mail.pt:Spot1883
apaez@sindicatostarbucks.cl:1antonio
apts.business@yeskart.in:amail@2510
inscripciones@jazzalacalle.com.uy:encuentro2022+
shivam.tiwari@brightsolution.co.in:Spa@gZ#g2IWb
raphaelle@albumrock.net:raphaellear
postmaster@equiprom.com.br:wkyj83dm
postmaster@grabrecordings.com:prosper
detail@spaceatelier.com.sg:spaceatelier0507
nathapron@excise.go.th:p01933081
paulaezequiel@kanguru.pt:tramaga
amnayasin@iefr.edu.pk:Amnayasin@123
edwige@froggydelight.com:edwigeh
vinayak.bharadi@famt.ac.in:Vab@1981
elzebe@littlerascalspreschool.co.za:RoleVoiceSteve655
awesso@abedareprimary.co.za:LenderProud287
katrina@drew.ie:19Werd74
734160@1bank.top:7jcw113fr6
yolandi@smartoral.co.za:DecadeAssessing647
denise.lanes@playcred.com.br:caramujoqazws2c
a.nooh@alama-eg.com:nPM7IM5O+Hj-
wmuelli@cyworks.ch:premiere2002
contact@saipearlholidays.com:Sukhendra@1
stream@fragbox.com:pnUTWS8CFAWV
bryanal@clubinter.net:ROQUEmendez97@
035381@77help.top:m162qchx13
kontakt@annadariamichalska.pl:Dziuba1989!
ridhar@students.itb.ac.id:Taehyung88
liczniki@intercopy.com.pl:aleksandra1
pongpen@skybook.co.th:skybook1992
luglioventotto@estelnet.it:patrik
jason@highscorestudios.com:MNvikngs1
marcelleon@roccanet.com.br:caraleo2015
lucy1959@kozij.pl:Marhub1816
safety@gerttack.co.za:edwinyalezoGert2
jeanmarie@granghaud.com:Barnabe52
vehicleades.batala@marutidealers.com:dms@123
ramadan@muzikotek.com.tr:london2000
projectmanagement@sispay.net:y[ae)?hs,gci
kevin@kdowneyphoto.com:1643e!!
chickie50@southernphone.com.au:nicklas1
slehembre@alchimix.com:ZZZZZZZZ
michelle@shop-with-me.co.za:Michellem122
olodusote@pwoarch-ngr.com:pwo@lagos123$
vendas@espabraclass.com.br:@espabraclass2018
alexandra@jarrard.com:Speech2002!
cristiancortez@vtr.net:Vitara96
shoaib@streamkar.com:Sho031993
golson@gedolsonlaw.com:daisydog
rdking@ssgswt.com:tssgi691
carlos@chbinc.net:Chb2141!$
webmaster@pousadaesquinadosol.com.br:tangaroa
magnus@torpis.se:Magnus2006
jamesbond@uk.pl:Qwerty@123
laura@thebuckfamily.com:daniel05
victoires45@pokerpanache.org:victoires45
prendiamocipermano@uiclazio.it:Sidamilo20
ieev5049@alabamaar.com:h982j9x3qz
pascom@riogrande-rs.com.br:comunica08
bounces@nulledfire.com:Gencigjergjixhuli88
crystal@phattoys.com:9077fast
admindrop@france-retraite-assistance.fr:@#Admin_drop_0120
capt.bernard@a-nsco.com:massman1
sabrina.pfeuffer@tele2.de:t4k4sh1ma
barbara.wise@kingwoodcable.com:taylor1
sachin@jdpandit.com:sachin
gil.krzysztof@szkolawohyn.pl:ZS6gilk
karenkos@htva.net:lakeview52
sdwill@pctcnet.net:upr75w3d2111
mashima@fj-fusion.com:Cathymanon1
hpcreations@hpcreations.fr:Tiger@67640
antonio48@molitel.it:26101948
cam.glitz@global.co.za:westham
kerrie@cyberdezign.com:Kcarre76
sicurezza@the-p.it:S1cur3zzA#2018
sfrechette@simplified-it.com:B3MTpqR3!
2019091@alsafwa.edu.eg:Yousef01593570#
zisis@oniro.gr:zioN1ro!Q33
lydia@lydiaroyce.com:bojangles55
getbig77@guardmail.com:sampson77
paulsedkowski@meermusic.com:stayout1313
399491@1hike.top:2q9j1t0ix6
cristina@aguilarcomunicacion.es:Christin71@
al.oz@yswpcs.org:hasancan1
namnp@viettelco.com.vn:Viettelco6868a@
kalamata@gate7.gr:19952009
rikiklimek@seznam.cz:hokejista4
maria@gardynik.com:p780312g
volarytoo@post.cz:ketrina11
ys-story@mbr.nifty.com:coco4696
gamer2015@vatanmail.ir:nuttertools3710
raamanathan.g@vecrear.com:vecrear@123
msmalley@midcoast.com:marco
eimei@mbn.nifty.com:eimei2008
khoffmann@hcrecapital.com:kurt1234
gofuckyourself@paulswordsmusic.com:lizzard
cfalconnet@agenc-e.com:CF030872
eric.galet@synel-france.com:gravity1963
095103@1hers.top:sk164gv0i7
fiona@hotondopmq.com.au:Jeyden09!
celsoimo@uol.com.br:celso9954
procurement@colourmax.co.zw:@Colournaximal2019$
enquiries@evolution-josephshairsalon.co.uk:enquiries
jitendra@nisarkumar.in:We1c0me@123
574302@1king.vip:qr7b510sd6
rmora@solucionesinra.com:Famofu1102
contato@bibliotecariograndense.com.br:310391
mohamed.seyam@metmans.edu.eg:eMozoleen@12233445
postmaster@cytecsrl.it:Smusella1974!
khartard@hdci.biz:lee1lau21
thiagovilla@xturbo.com.br:25TK0P7326
azevedo.pedro@oniduo.pt:p.azevedo
haras@apagricola.com.br:@pagro
sebastiankreisel@unitybox.de:sebast1502
catherine@wernet.fr:Alitschia57!
preyeberezi@perfectfacilities.com:teresa14
s_vakfi1@kecievents.com:Keci0001
noreply@creatorassignmenthelp.com:AqtAFoAMck
luv2wander@dcrimages.com:Ncc1701d
heather@activatefundraising.com:SwbiF0203
razi.rehman@kaisarinc.com:Polmy6233
contact@maquisdeprovence.com:lylou2007
ryan.lamothe@quantumworx.com:13795Rrl1
huppa@simnet.is:A5219h5869
ibrahim@digitalpc.it:Amazigh1981@
08211@ss2.chi.or.th:AEF2A2
cancan@vip.sina.com:wy521021
margaux@halpern.fr:margaux
sebastian@neosonic.cl:Deftones_2501
andrew@lxcb.com:stormy11
ffreischem@ish.de:micky
mgsaad@lttnet.net:daasgm
office@wartrans.com:kormoran10
pauline@harlifax.com:!Pw.1984
kymbra@kasznay.com:Kymbra1!
armand@back-to-lovecraft.com:lovecraft23
administration@lamobylette.org:artiste2000
brasquet@gdebdiff.com:Lecoffre1
c23043180@bakliwaltutorials.com:GrcA166o
rholsonbake@digitaldelerium.com:100438
meow782@game-th.icu:DRFH561!#!@
andrea.antonacci@studenti.uniroma5.it:DESIGNSR
sandrine69@misstoysy.com:sandrine69
mhughes@trackstar.com:80Harley
m.sebeibit@mail-iea.fr:130864Sq!
jnoel@somtel.net:n5rKEWEcx7777
isaac@iconcepts.com.ng:iC0ncepts78
postmaster@espace-plus.eu:fe355gts
francine@superip.com.br:fran170908
amine.dammak@ngi.tn:hRpF2oKy1
cdalmanzora@cdalmanzora.es:huercalovera
joseph@cronoslogic.com:X4bg522p!
evelyng@flexpointoutsourcing.com:mabayo02
gregor@albel.at:THOEIwe8
contato@installe.com.br:atento01
protagor@ua.fm:ohm3ZmrhH
bigmac05@morrisbb.net:MCBR0504
wyjatkowyprezent@piekno.eu:Amnezja01
romaric@skoring-and-co.com:BOURICOT12
m.serratore@lapirotecnica.it:risjd1989
sanchezm@tvcable.net.ec:sanchez2
dschur@uneedspeed.net:St@rlite1
maribelpech@grupocetec.com:grupocetec
marketing@pear.co.id:Marketing-2019
nknorman@netins.net:hxji5846
emmanuel.randot@k-net.fr:Veronique06!
yann.rolland@rcb-informatique.fr:yr884288
549461@77bean.top:4i664ju2zp
christelle.nadal@chateauboisset.fr:Eden7197
marceladias@odontojardins.com.br:14041983
thomas@devereuxonline.com:redwallabbey
cchampion@pettiti.com:thomas
frida@esping.se:Vitsippa2
gvidale@terranovaservizi.it:b23052300772a
columbus@shtorm.com:K750L410
pmdangayi@ikamvalethusss.co.za:AntiguaMeanwhile674
bblack@kingwoodcable.net:Welcome2
josette@fourneret.com:Lamadame05
ntsprocurement@zpcs.gov.zw:@bagG5088
arquitetura@julianarebello.com.br:jumacedor
448305@1aunt.top:cgv4610qu9
gizem.sen@cakir.k12.tr:bursaspor
mjc62561@gowisper.net:Jvc4674$
malohree@kona.net:halona
valerietulaza@cegetel.net:Vapadiana1
fguglielme@sti.com.br:rpara5062
s.bouinoune@wanaconsulting.com:bakoura
andemock@airstreamcomm.net:aA4CrsHa12566
submix@aloan.ch:joker3
webdir@fortest.com:fortest485
haru_squ@mbj.nifty.com:eikou000
connect@612league.com:Iclpl@612#conn#
caren@worldshakerslive.co.za:Thepassword456
boris@sinoart.cc:SINOART888
ventas@blancohogar.com.ar:Neuquen2920
kknutsen@amerytel.net:g2pkhtXfff
rodsheri@viscom.net:Rskmcb67
lacty2.system@lacty2.com.vn:Lacty123456
franklinzipagan@plv.edu.ph:08182002
tichie@computers-on-q.com:t1ch13!
itsupport@sherwoodhigh.com:Itdesk@2018
gerry@magees.net:tam120874
chakjunkit@tmt.my:S#1I-r(~+tIN
david.coghlan@powercontrolsolutions.co.uk:amybeth1732
kellie@bubblesoccerza.co.za:GeorgeKinds914
lasse.jensen_jensen@jubii.dk:Fisketur
m.seye@globalbusiness-gbg.com:Passgbg@2020
snoopyxcz@email.cz:nufanek1100101
736449@3shy.vip:54r6zi3mu1
sleiman.fayad@dmd-ne.com:67482828ne)
filipe@visualwork.pt:X6IFMaFd1
webmaster@eceb.pro:Mantes@78711
marketing@framevolution.com:folk5858
dechaux@yughen.net:Portishead3
carolinholton@giantcomm.net:George1!
mario488@xplornet.com:thetford2
admin@homeinspectionservices.co:Vqhbbyns209!
envio@drogashop.com:drogashop2017
roberto@rmoliveira.com.br:Roberto37*
michael@hendry.net:1qaz!QAZ
srinivas@kai-zen.in:Kaizen@123
niederkorn2@tcc.coop:niederkorn1234
mrutkowski@dpoczta.pl:j23j23j23
mymen@alcopharma.net:Men321#
postmaster@colorgrafica.com:colorgrafica
margherita@agrostampa.it:margherita
riyecla@firstsnowden.com:210121
stroscio.fabio@stils.ch:f1a2b3i4o
vegh.mariann@fonyodnet.hu:Anya730622999234567w
ganjatron@dystopiarecords.com:junglist
hvdx5255@chilear.com:1p43sucl37
fieldview@santerra.com.br:santerra2019
vienna@myviscom.com:Mike3993
schnee@ruraltel.net:mrsears13
orlane@wibox.fr:Ezio191008
shirley.wilson@galaxymail.ca:tatlutz#2
lance@baldwin-telecom.net:Lambeau1
mukund.patel@ritsoft.com:Suresh*123
noreply@tmesrl.net:tmesrl@2018
maciej@natorff.com:Chub3rcik
sglaettli1@jtbank.ch:5663!
handshake@quickly.global:ZaNMQ9&4jokw
nicolae.taucci@collegiogeometri.bo.it:45201996
nguyettt_syt@bacgiang.gov.vn:Nguyet123
mohdsyauqi@data-speaks.com:Cg9M)[Lbi$(k
47484@abana.it:Aira.3584
agocsi@tekmi.net:agocs999
jprpeixoto@esch.lu:Fam.peixoto
vicki@odea.com:sane726311
matteo.f@quaderni.biz:capriolo
matapo@myisp.co.za:matdial
jsantana@casatorre.com.br:Casatorre2019
griggsy@pulau.cx:renko
firas@techmark.pro:z8eih]futKU#
contact@tiptoe.fr:Marie2606
carlos.suarez@corporativotecno.com:Pepinil1.
webmaster@donghwacm.com:dong1323
yjpaopao@citiz.net:woaini1
motsoeneng@sancatdra.co.za:ShowingStability436
cm.bahadurgarh@movietimecinemas.co.in:qwert123456
ddr002@iprimus.com.au:Duck9591
s.rousseau@kiwi-interim.fr:Kiwi2021!
ridha@bahanaglobal.com:riswie1801
bartecki@jo.pl:newtcastle
pieter@mwebbiz.co.za:l13z3l
nursalam.zainuddin@mazda.com.my:Salam1993
richardr@ilearn.co.za:ilearn17
ynxuan@e-mygp.com:Yxn771026*
s.soler@serival.es:9194902139
contato@formacaosolidaria.org.br:formacao2017
cosima@haas.net:cosima
pierrickcheruel@whatcom.fr:combourg
everything@jp.bigplanet.com:koji0913
jordan.tsivatou@c2tmi.fr:moomin12
enquiries@paintingwatford.co.uk:Purdybrush123!
contact@labirinto.xyz:Wolfaton69$
fiachra@digitalideas.ie:fiachs123?
alfredo.vergara@ssesupport.com:Kunantroph00s
workshop@makanyoga.co.za:transPorting2
gradignan@votreagence.travel:Gradignan33*
kontakt@zapakuj.info:haslop1
stale@horn.as:12Pragassa
husseinmasrub@act1.ly:husseinmasrub
esmaeilzadeh@qiau.ac.ir:Qaz136063
muggs@cableracer.com:Retired@21
storemanager.khairpur@pphisindh.org:Pphi_123@123
luis.vazquez@gryc.mx:VACL620130U99
garyb@tenconconstruction.com:Glsj1699
charles@henaff.net:Calou0912
macdaddy@blkhawk.net:Macdaddy1967
guterhalten73@poppen.de:svwerder
shierlin@solarpower.my:abc+123
informatica@ciscopar.com.br:99741528
jennifer@spielvogelmail.com:KANGAROO
compras@interlan.com.mx:comprasinterlan16
crst1k@otenet.gr:yxm7387#
raphael.havelka@etml-es.ch:Greyhat339
nasrullah@sman1kdg.sch.id:bahasainggris92
khaled-laawyeb@aucc.com.ly:0913633328
adiantoni@stikes-aufa.ac.id:085266874155adi
t.scano@cbnordsardegna.it:04121958
hfuh3ti@smurfowl66.xyz:vahfwdu
erlend@helgesen.as:AudiA6
liquidacion@turrisystem.com:t0y0t42020+
tasos@netstat.gr:BS_17f8k4!
michel@bfp.be:MIC93962
stanleyc@jjstanley.com:Pers0nne1
sebastien@srenard.fr:17044Fr76
e.tanucci@comune.cautano.benevento.it:enrico5575
simtech@icon.co.za:ridwaan
cassiopee@lartdeffacerletemps.com:berthe*1962
support@vmpoint.it:New333035
harriet@verster-roos.co.za:attorneYs9876
geraldine@loire-investissement.com:geraldine
byszewski@mojaszkola.edu.pl:PB4628501739em
recepcion.fact.arf@kowi.com.mx:R3cepcion$
poczta@bascom.pl:B4pFLmB5
office@mojafotografika.pl:Asdfg123!
atanasovski@gf.ukim.edu.mk:aleksandar
admin@desertcaravans.com.au:Tradingpost11
nitish.54059@alkem.com:Niti@Tn4059
nsilva@m-profiler.com:11245831
admin.billing@getco-bsl.net:Z@33m2012
postmaster@lecalvez.net:alcz1974.
ranonghospital@rnh.go.th:077812630
iwan.000517@ad1gate.com:Motor#843
support@apvocate.com:Password1
edgardogarcia@bvconline.com.ar:paotuti
magazzino@antanogroup.com:prutathoph
pierre-yves.novalet@parti-libertarien.be:novaletplib
andrew@nufrontier.ca:$F00tball$
individual01202@imbugle.com:Minidisc01202
